file,classCode,classDescription
0000.jpg,0,no_op
0001.jpg,0,no_op
0002.jpg,0,no_op
0003.jpg,0,no_op
0004.jpg,0,no_op
0005.jpg,0,no_op
0006.jpg,0,no_op
0007.jpg,0,no_op
0008.jpg,0,no_op
0009.jpg,0,no_op
0010.jpg,0,no_op
0011.jpg,0,no_op
0012.jpg,0,no_op
0013.jpg,0,no_op
0014.jpg,0,no_op
0015.jpg,0,no_op
0016.jpg,0,no_op
0017.jpg,0,no_op
0018.jpg,0,no_op
0019.jpg,0,no_op
0020.jpg,0,no_op
0021.jpg,0,no_op
0022.jpg,0,no_op
0023.jpg,0,no_op
0024.jpg,0,no_op
0025.jpg,0,no_op
0026.jpg,0,no_op
0027.jpg,0,no_op
0028.jpg,0,no_op
0029.jpg,0,no_op
0030.jpg,0,no_op
0031.jpg,0,no_op
0032.jpg,0,no_op
0033.jpg,0,no_op
0034.jpg,0,no_op
0035.jpg,0,no_op
0036.jpg,0,no_op
0037.jpg,0,no_op
0038.jpg,0,no_op
0039.jpg,0,no_op
0040.jpg,0,no_op
0041.jpg,0,no_op
0042.jpg,0,no_op
0043.jpg,0,no_op
0044.jpg,0,no_op
0045.jpg,0,no_op
0046.jpg,0,no_op
0047.jpg,0,no_op
0048.jpg,0,no_op
0049.jpg,0,no_op
0050.jpg,0,no_op
0051.jpg,0,no_op
0052.jpg,0,no_op
0053.jpg,0,no_op
0054.jpg,0,no_op
0055.jpg,0,no_op
0056.jpg,0,no_op
0057.jpg,0,no_op
0058.jpg,0,no_op
0059.jpg,0,no_op
0060.jpg,0,no_op
0061.jpg,0,no_op
0062.jpg,0,no_op
0063.jpg,0,no_op
0064.jpg,0,no_op
0065.jpg,0,no_op
0066.jpg,0,no_op
0067.jpg,0,no_op
0068.jpg,0,no_op
0069.jpg,0,no_op
0070.jpg,0,no_op
0071.jpg,0,no_op
0072.jpg,0,no_op
0073.jpg,0,no_op
0074.jpg,0,no_op
0075.jpg,0,no_op
0076.jpg,0,no_op
0077.jpg,0,no_op
0078.jpg,0,no_op
0079.jpg,0,no_op
0080.jpg,0,no_op
0081.jpg,0,no_op
0082.jpg,0,no_op
0083.jpg,0,no_op
0084.jpg,0,no_op
0085.jpg,0,no_op
0086.jpg,0,no_op
0087.jpg,0,no_op
0088.jpg,0,no_op
0089.jpg,0,no_op
0090.jpg,0,no_op
0091.jpg,0,no_op
0092.jpg,0,no_op
0093.jpg,0,no_op
0094.jpg,0,no_op
0095.jpg,0,no_op
0096.jpg,0,no_op
0097.jpg,0,no_op
0098.jpg,0,no_op
0099.jpg,0,no_op
0100.jpg,0,no_op
0101.jpg,0,no_op
0102.jpg,0,no_op
0103.jpg,0,no_op
0104.jpg,0,no_op
0105.jpg,0,no_op
0106.jpg,0,no_op
0107.jpg,0,no_op
0108.jpg,0,no_op
0109.jpg,0,no_op
0110.jpg,0,no_op
0111.jpg,0,no_op
0112.jpg,0,no_op
0113.jpg,0,no_op
0114.jpg,0,no_op
0115.jpg,0,no_op
0116.jpg,0,no_op
0117.jpg,0,no_op
0118.jpg,0,no_op
0119.jpg,0,no_op
0120.jpg,0,no_op
0121.jpg,0,no_op
0122.jpg,0,no_op
0123.jpg,0,no_op
0124.jpg,0,no_op
0125.jpg,0,no_op
0126.jpg,0,no_op
0127.jpg,0,no_op
0128.jpg,0,no_op
0129.jpg,0,no_op
0130.jpg,0,no_op
0131.jpg,0,no_op
0132.jpg,0,no_op
0133.jpg,0,no_op
0134.jpg,0,no_op
0135.jpg,0,no_op
0136.jpg,0,no_op
0137.jpg,0,no_op
0138.jpg,0,no_op
0139.jpg,0,no_op
0140.jpg,0,no_op
0141.jpg,0,no_op
0142.jpg,0,no_op
0143.jpg,0,no_op
0144.jpg,0,no_op
0145.jpg,0,no_op
0146.jpg,0,no_op
0147.jpg,0,no_op
0148.jpg,0,no_op
0149.jpg,0,no_op
0150.jpg,0,no_op
0151.jpg,0,no_op
0152.jpg,0,no_op
0153.jpg,0,no_op
0154.jpg,0,no_op
0155.jpg,0,no_op
0156.jpg,0,no_op
0157.jpg,0,no_op
0158.jpg,0,no_op
0159.jpg,0,no_op
0160.jpg,0,no_op
0161.jpg,0,no_op
0162.jpg,0,no_op
0163.jpg,0,no_op
0164.jpg,0,no_op
0165.jpg,0,no_op
0166.jpg,0,no_op
0167.jpg,0,no_op
0168.jpg,0,no_op
0169.jpg,0,no_op
0170.jpg,0,no_op
0171.jpg,0,no_op
0172.jpg,0,no_op
0173.jpg,0,no_op
0174.jpg,0,no_op
0175.jpg,0,no_op
0176.jpg,0,no_op
0177.jpg,0,no_op
0178.jpg,0,no_op
0179.jpg,0,no_op
0180.jpg,0,no_op
0181.jpg,0,no_op
0182.jpg,0,no_op
0183.jpg,0,no_op
0184.jpg,0,no_op
0185.jpg,0,no_op
0186.jpg,0,no_op
0187.jpg,0,no_op
0188.jpg,0,no_op
0189.jpg,0,no_op
0190.jpg,0,no_op
0191.jpg,0,no_op
0192.jpg,0,no_op
0193.jpg,0,no_op
0194.jpg,0,no_op
0195.jpg,0,no_op
0196.jpg,0,no_op
0197.jpg,0,no_op
0198.jpg,0,no_op
0199.jpg,0,no_op
0200.jpg,0,no_op
0201.jpg,0,no_op
0202.jpg,0,no_op
0203.jpg,0,no_op
0204.jpg,0,no_op
0205.jpg,0,no_op
0206.jpg,0,no_op
0207.jpg,0,no_op
0208.jpg,0,no_op
0209.jpg,0,no_op
0210.jpg,0,no_op
0211.jpg,0,no_op
0212.jpg,0,no_op
0213.jpg,0,no_op
0214.jpg,0,no_op
0215.jpg,0,no_op
0216.jpg,0,no_op
0217.jpg,0,no_op
0218.jpg,0,no_op
0219.jpg,0,no_op
0220.jpg,0,no_op
0221.jpg,0,no_op
0222.jpg,0,no_op
0223.jpg,0,no_op
0224.jpg,0,no_op
0225.jpg,0,no_op
0226.jpg,0,no_op
0227.jpg,0,no_op
0228.jpg,0,no_op
0229.jpg,0,no_op
0230.jpg,0,no_op
0231.jpg,0,no_op
0232.jpg,0,no_op
0233.jpg,0,no_op
0234.jpg,0,no_op
0235.jpg,0,no_op
0236.jpg,0,no_op
0237.jpg,0,no_op
0238.jpg,0,no_op
0239.jpg,0,no_op
0240.jpg,0,no_op
0241.jpg,0,no_op
0242.jpg,0,no_op
0243.jpg,0,no_op
0244.jpg,0,no_op
0245.jpg,0,no_op
0246.jpg,0,no_op
0247.jpg,0,no_op
0248.jpg,0,no_op
0249.jpg,0,no_op
0250.jpg,0,no_op
0251.jpg,0,no_op
0252.jpg,0,no_op
0253.jpg,0,no_op
0254.jpg,0,no_op
0255.jpg,0,no_op
0256.jpg,0,no_op
0257.jpg,0,no_op
0258.jpg,0,no_op
0259.jpg,0,no_op
0260.jpg,0,no_op
0261.jpg,0,no_op
0262.jpg,0,no_op
0263.jpg,0,no_op
0264.jpg,0,no_op
0265.jpg,0,no_op
0266.jpg,0,no_op
0267.jpg,0,no_op
0268.jpg,0,no_op
0269.jpg,0,no_op
0270.jpg,0,no_op
0271.jpg,0,no_op
0272.jpg,0,no_op
0273.jpg,0,no_op
0274.jpg,0,no_op
0275.jpg,0,no_op
0276.jpg,0,no_op
0277.jpg,0,no_op
0278.jpg,0,no_op
0279.jpg,0,no_op
0280.jpg,0,no_op
0281.jpg,0,no_op
0282.jpg,0,no_op
0283.jpg,0,no_op
0284.jpg,0,no_op
0285.jpg,0,no_op
0286.jpg,0,no_op
0287.jpg,0,no_op
0288.jpg,0,no_op
0289.jpg,0,no_op
0290.jpg,0,no_op
0291.jpg,0,no_op
0292.jpg,0,no_op
0293.jpg,0,no_op
0294.jpg,0,no_op
0295.jpg,0,no_op
0296.jpg,0,no_op
0297.jpg,0,no_op
0298.jpg,0,no_op
0299.jpg,0,no_op
0300.jpg,0,no_op
0301.jpg,0,no_op
0302.jpg,0,no_op
0303.jpg,0,no_op
0304.jpg,0,no_op
0305.jpg,0,no_op
0306.jpg,0,no_op
0307.jpg,0,no_op
0308.jpg,0,no_op
0309.jpg,0,no_op
0310.jpg,0,no_op
0311.jpg,0,no_op
0312.jpg,0,no_op
0313.jpg,0,no_op
0314.jpg,0,no_op
0315.jpg,0,no_op
0316.jpg,0,no_op
0317.jpg,0,no_op
0318.jpg,0,no_op
0319.jpg,0,no_op
0320.jpg,0,no_op
0321.jpg,0,no_op
0322.jpg,0,no_op
0323.jpg,0,no_op
0324.jpg,0,no_op
0325.jpg,0,no_op
0326.jpg,0,no_op
0327.jpg,0,no_op
0328.jpg,0,no_op
0329.jpg,0,no_op
0330.jpg,0,no_op
0331.jpg,0,no_op
0332.jpg,0,no_op
0333.jpg,0,no_op
0334.jpg,0,no_op
0335.jpg,0,no_op
0336.jpg,0,no_op
0337.jpg,0,no_op
0338.jpg,0,no_op
0339.jpg,0,no_op
0340.jpg,0,no_op
0341.jpg,0,no_op
0342.jpg,0,no_op
0343.jpg,0,no_op
0344.jpg,0,no_op
0345.jpg,0,no_op
0346.jpg,0,no_op
0347.jpg,0,no_op
0348.jpg,0,no_op
0349.jpg,0,no_op
0350.jpg,0,no_op
0351.jpg,0,no_op
0352.jpg,0,no_op
0353.jpg,0,no_op
0354.jpg,0,no_op
0355.jpg,0,no_op
0356.jpg,0,no_op
0357.jpg,0,no_op
0358.jpg,0,no_op
0359.jpg,0,no_op
0360.jpg,0,no_op
0361.jpg,0,no_op
0362.jpg,0,no_op
0363.jpg,0,no_op
0364.jpg,0,no_op
0365.jpg,0,no_op
0366.jpg,0,no_op
0367.jpg,0,no_op
0368.jpg,0,no_op
0369.jpg,0,no_op
0370.jpg,0,no_op
0371.jpg,0,no_op
0372.jpg,0,no_op
0373.jpg,0,no_op
0374.jpg,0,no_op
0375.jpg,0,no_op
0376.jpg,0,no_op
0377.jpg,0,no_op
0378.jpg,0,no_op
0379.jpg,0,no_op
0380.jpg,0,no_op
0381.jpg,0,no_op
0382.jpg,0,no_op
0383.jpg,0,no_op
0384.jpg,0,no_op
0385.jpg,0,no_op
0386.jpg,0,no_op
0387.jpg,0,no_op
0388.jpg,0,no_op
0389.jpg,0,no_op
0390.jpg,0,no_op
0391.jpg,0,no_op
0392.jpg,0,no_op
0393.jpg,0,no_op
0394.jpg,0,no_op
0395.jpg,0,no_op
0396.jpg,0,no_op
0397.jpg,0,no_op
0398.jpg,0,no_op
0399.jpg,0,no_op
0400.jpg,0,no_op
0401.jpg,0,no_op
0402.jpg,0,no_op
0403.jpg,0,no_op
0404.jpg,0,no_op
0405.jpg,0,no_op
0406.jpg,0,no_op
0407.jpg,0,no_op
0408.jpg,0,no_op
0409.jpg,0,no_op
0410.jpg,0,no_op
0411.jpg,0,no_op
0412.jpg,0,no_op
0413.jpg,0,no_op
0414.jpg,0,no_op
0415.jpg,0,no_op
0416.jpg,0,no_op
0417.jpg,0,no_op
0418.jpg,0,no_op
0419.jpg,0,no_op
0420.jpg,0,no_op
0421.jpg,0,no_op
0422.jpg,0,no_op
0423.jpg,0,no_op
0424.jpg,0,no_op
0425.jpg,0,no_op
0426.jpg,0,no_op
0427.jpg,0,no_op
0428.jpg,0,no_op
0429.jpg,0,no_op
0430.jpg,0,no_op
0431.jpg,0,no_op
0432.jpg,0,no_op
0433.jpg,0,no_op
0434.jpg,0,no_op
0435.jpg,0,no_op
0436.jpg,0,no_op
0437.jpg,0,no_op
0438.jpg,0,no_op
0439.jpg,0,no_op
0440.jpg,0,no_op
0441.jpg,0,no_op
0442.jpg,0,no_op
0443.jpg,0,no_op
0444.jpg,0,no_op
0445.jpg,0,no_op
0446.jpg,0,no_op
0447.jpg,0,no_op
0448.jpg,0,no_op
0449.jpg,0,no_op
0450.jpg,0,no_op
0451.jpg,0,no_op
0452.jpg,0,no_op
0453.jpg,0,no_op
0454.jpg,0,no_op
0455.jpg,0,no_op
0456.jpg,0,no_op
0457.jpg,0,no_op
0458.jpg,0,no_op
0459.jpg,0,no_op
0460.jpg,0,no_op
0461.jpg,0,no_op
0462.jpg,0,no_op
0463.jpg,0,no_op
0464.jpg,0,no_op
0465.jpg,0,no_op
0466.jpg,0,no_op
0467.jpg,0,no_op
0468.jpg,0,no_op
0469.jpg,0,no_op
0470.jpg,0,no_op
0471.jpg,0,no_op
0472.jpg,0,no_op
0473.jpg,0,no_op
0474.jpg,0,no_op
0475.jpg,0,no_op
0476.jpg,0,no_op
0477.jpg,0,no_op
0478.jpg,0,no_op
0479.jpg,0,no_op
0480.jpg,0,no_op
0481.jpg,0,no_op
0482.jpg,0,no_op
0483.jpg,0,no_op
0484.jpg,0,no_op
0485.jpg,0,no_op
0486.jpg,0,no_op
0487.jpg,0,no_op
0488.jpg,0,no_op
0489.jpg,0,no_op
0490.jpg,0,no_op
0491.jpg,0,no_op
0492.jpg,0,no_op
0493.jpg,0,no_op
0494.jpg,0,no_op
0495.jpg,0,no_op
0496.jpg,0,no_op
0497.jpg,0,no_op
0498.jpg,0,no_op
0499.jpg,0,no_op
0500.jpg,0,no_op
0501.jpg,0,no_op
0502.jpg,0,no_op
0503.jpg,0,no_op
0504.jpg,0,no_op
0505.jpg,0,no_op
0506.jpg,0,no_op
0507.jpg,0,no_op
0508.jpg,0,no_op
0509.jpg,0,no_op
0510.jpg,0,no_op
0511.jpg,0,no_op
0512.jpg,0,no_op
0513.jpg,0,no_op
0514.jpg,0,no_op
0515.jpg,0,no_op
0516.jpg,0,no_op
0517.jpg,0,no_op
0518.jpg,0,no_op
0519.jpg,0,no_op
0520.jpg,0,no_op
0521.jpg,0,no_op
0522.jpg,0,no_op
0523.jpg,0,no_op
0524.jpg,0,no_op
0525.jpg,0,no_op
0526.jpg,0,no_op
0527.jpg,0,no_op
0528.jpg,0,no_op
0529.jpg,0,no_op
0530.jpg,0,no_op
0531.jpg,0,no_op
0532.jpg,0,no_op
0533.jpg,0,no_op
0534.jpg,0,no_op
0535.jpg,0,no_op
0536.jpg,0,no_op
0537.jpg,0,no_op
0538.jpg,0,no_op
0539.jpg,0,no_op
0540.jpg,0,no_op
0541.jpg,0,no_op
0542.jpg,0,no_op
0543.jpg,0,no_op
0544.jpg,0,no_op
0545.jpg,0,no_op
0546.jpg,0,no_op
0547.jpg,0,no_op
0548.jpg,0,no_op
0549.jpg,0,no_op
0550.jpg,0,no_op
0551.jpg,0,no_op
0552.jpg,0,no_op
0553.jpg,0,no_op
0554.jpg,0,no_op
0555.jpg,0,no_op
0556.jpg,0,no_op
0557.jpg,0,no_op
0558.jpg,0,no_op
0559.jpg,0,no_op
0560.jpg,0,no_op
0561.jpg,0,no_op
0562.jpg,0,no_op
0563.jpg,0,no_op
0564.jpg,0,no_op
0565.jpg,0,no_op
0566.jpg,0,no_op
0567.jpg,0,no_op
0568.jpg,0,no_op
0569.jpg,0,no_op
0570.jpg,0,no_op
0571.jpg,0,no_op
0572.jpg,0,no_op
0573.jpg,0,no_op
0574.jpg,0,no_op
0575.jpg,0,no_op
0576.jpg,0,no_op
0577.jpg,0,no_op
0578.jpg,0,no_op
0579.jpg,0,no_op
0580.jpg,0,no_op
0581.jpg,0,no_op
0582.jpg,0,no_op
0583.jpg,0,no_op
0584.jpg,0,no_op
0585.jpg,0,no_op
0586.jpg,0,no_op
0587.jpg,0,no_op
0588.jpg,0,no_op
0589.jpg,0,no_op
0590.jpg,0,no_op
0591.jpg,0,no_op
0592.jpg,0,no_op
0593.jpg,0,no_op
0594.jpg,0,no_op
0595.jpg,0,no_op
0596.jpg,0,no_op
0597.jpg,0,no_op
0598.jpg,0,no_op
0599.jpg,0,no_op
0600.jpg,0,no_op
0601.jpg,0,no_op
0602.jpg,0,no_op
0603.jpg,0,no_op
0604.jpg,0,no_op
0605.jpg,0,no_op
0606.jpg,0,no_op
0607.jpg,0,no_op
0608.jpg,0,no_op
0609.jpg,0,no_op
0610.jpg,0,no_op
0611.jpg,0,no_op
0612.jpg,0,no_op
0613.jpg,0,no_op
0614.jpg,0,no_op
0615.jpg,0,no_op
0616.jpg,0,no_op
0617.jpg,0,no_op
0618.jpg,0,no_op
0619.jpg,0,no_op
0620.jpg,0,no_op
0621.jpg,0,no_op
0622.jpg,0,no_op
0623.jpg,0,no_op
0624.jpg,0,no_op
0625.jpg,0,no_op
0626.jpg,0,no_op
0627.jpg,0,no_op
0628.jpg,0,no_op
0629.jpg,0,no_op
0630.jpg,0,no_op
0631.jpg,0,no_op
0632.jpg,0,no_op
0633.jpg,0,no_op
0634.jpg,0,no_op
0635.jpg,0,no_op
0636.jpg,0,no_op
0637.jpg,0,no_op
0638.jpg,0,no_op
0639.jpg,0,no_op
0640.jpg,0,no_op
0641.jpg,0,no_op
0642.jpg,0,no_op
0643.jpg,0,no_op
0644.jpg,0,no_op
0645.jpg,0,no_op
0646.jpg,0,no_op
0647.jpg,0,no_op
0648.jpg,0,no_op
0649.jpg,0,no_op
0650.jpg,0,no_op
0651.jpg,0,no_op
0652.jpg,0,no_op
0653.jpg,0,no_op
0654.jpg,0,no_op
0655.jpg,0,no_op
0656.jpg,0,no_op
0657.jpg,0,no_op
0658.jpg,0,no_op
0659.jpg,0,no_op
0660.jpg,0,no_op
0661.jpg,0,no_op
0662.jpg,0,no_op
0663.jpg,0,no_op
0664.jpg,0,no_op
0665.jpg,0,no_op
0666.jpg,0,no_op
0667.jpg,0,no_op
0668.jpg,0,no_op
0669.jpg,0,no_op
0670.jpg,0,no_op
0671.jpg,0,no_op
0672.jpg,0,no_op
0673.jpg,0,no_op
0674.jpg,0,no_op
0675.jpg,0,no_op
0676.jpg,0,no_op
0677.jpg,0,no_op
0678.jpg,0,no_op
0679.jpg,0,no_op
0680.jpg,0,no_op
0681.jpg,0,no_op
0682.jpg,0,no_op
0683.jpg,0,no_op
0684.jpg,0,no_op
0685.jpg,0,no_op
0686.jpg,0,no_op
0687.jpg,0,no_op
0688.jpg,0,no_op
0689.jpg,0,no_op
0690.jpg,0,no_op
0691.jpg,0,no_op
0692.jpg,0,no_op
0693.jpg,0,no_op
0694.jpg,0,no_op
0695.jpg,0,no_op
0696.jpg,0,no_op
0697.jpg,0,no_op
0698.jpg,0,no_op
0699.jpg,0,no_op
0700.jpg,0,no_op
0701.jpg,0,no_op
0702.jpg,0,no_op
0703.jpg,0,no_op
0704.jpg,0,no_op
0705.jpg,0,no_op
0706.jpg,0,no_op
0707.jpg,0,no_op
0708.jpg,0,no_op
0709.jpg,0,no_op
0710.jpg,0,no_op
0711.jpg,0,no_op
0712.jpg,0,no_op
0713.jpg,0,no_op
0714.jpg,0,no_op
0715.jpg,0,no_op
0716.jpg,0,no_op
0717.jpg,0,no_op
0718.jpg,0,no_op
0719.jpg,0,no_op
0720.jpg,0,no_op
0721.jpg,0,no_op
0722.jpg,0,no_op
0723.jpg,0,no_op
0724.jpg,0,no_op
0725.jpg,0,no_op
0726.jpg,0,no_op
0727.jpg,0,no_op
0728.jpg,0,no_op
0729.jpg,0,no_op
0730.jpg,0,no_op
0731.jpg,0,no_op
0732.jpg,0,no_op
0733.jpg,0,no_op
0734.jpg,0,no_op
0735.jpg,0,no_op
0736.jpg,0,no_op
0737.jpg,0,no_op
0738.jpg,0,no_op
0739.jpg,0,no_op
0740.jpg,0,no_op
0741.jpg,0,no_op
0742.jpg,0,no_op
0743.jpg,0,no_op
0744.jpg,0,no_op
0745.jpg,0,no_op
0746.jpg,0,no_op
0747.jpg,0,no_op
0748.jpg,0,no_op
0749.jpg,0,no_op
0750.jpg,0,no_op
0751.jpg,0,no_op
0752.jpg,0,no_op
0753.jpg,0,no_op
0754.jpg,0,no_op
0755.jpg,0,no_op
0756.jpg,0,no_op
0757.jpg,0,no_op
0758.jpg,0,no_op
0759.jpg,0,no_op
0760.jpg,0,no_op
0761.jpg,0,no_op
0762.jpg,0,no_op
0763.jpg,0,no_op
0764.jpg,0,no_op
0765.jpg,0,no_op
0766.jpg,0,no_op
0767.jpg,0,no_op
0768.jpg,0,no_op
0769.jpg,0,no_op
0770.jpg,0,no_op
0771.jpg,0,no_op
0772.jpg,0,no_op
0773.jpg,0,no_op
0774.jpg,0,no_op
0775.jpg,0,no_op
0776.jpg,0,no_op
0777.jpg,0,no_op
0778.jpg,0,no_op
0779.jpg,0,no_op
0780.jpg,0,no_op
0781.jpg,0,no_op
0782.jpg,0,no_op
0783.jpg,0,no_op
0784.jpg,0,no_op
0785.jpg,0,no_op
0786.jpg,0,no_op
0787.jpg,0,no_op
0788.jpg,0,no_op
0789.jpg,0,no_op
0790.jpg,0,no_op
0791.jpg,0,no_op
0792.jpg,0,no_op
0793.jpg,0,no_op
0794.jpg,0,no_op
0795.jpg,0,no_op
0796.jpg,0,no_op
0797.jpg,0,no_op
0798.jpg,0,no_op
0799.jpg,0,no_op
0800.jpg,0,no_op
0801.jpg,0,no_op
0802.jpg,0,no_op
0803.jpg,0,no_op
0804.jpg,0,no_op
0805.jpg,0,no_op
0806.jpg,0,no_op
0807.jpg,0,no_op
0808.jpg,0,no_op
0809.jpg,0,no_op
0810.jpg,0,no_op
0811.jpg,0,no_op
0812.jpg,0,no_op
0813.jpg,0,no_op
0814.jpg,0,no_op
0815.jpg,0,no_op
0816.jpg,0,no_op
0817.jpg,0,no_op
0818.jpg,0,no_op
0819.jpg,0,no_op
0820.jpg,0,no_op
0821.jpg,0,no_op
0822.jpg,0,no_op
0823.jpg,0,no_op
0824.jpg,0,no_op
0825.jpg,0,no_op
0826.jpg,0,no_op
0827.jpg,0,no_op
0828.jpg,0,no_op
0829.jpg,0,no_op
0830.jpg,0,no_op
0831.jpg,0,no_op
0832.jpg,0,no_op
0833.jpg,0,no_op
0834.jpg,0,no_op
0835.jpg,0,no_op
0836.jpg,0,no_op
0837.jpg,0,no_op
0838.jpg,0,no_op
0839.jpg,0,no_op
0840.jpg,0,no_op
0841.jpg,0,no_op
0842.jpg,0,no_op
0843.jpg,0,no_op
0844.jpg,0,no_op
0845.jpg,0,no_op
0846.jpg,0,no_op
0847.jpg,0,no_op
0848.jpg,0,no_op
0849.jpg,0,no_op
0850.jpg,0,no_op
0851.jpg,0,no_op
0852.jpg,0,no_op
0853.jpg,0,no_op
0854.jpg,0,no_op
0855.jpg,0,no_op
0856.jpg,0,no_op
0857.jpg,0,no_op
0858.jpg,0,no_op
0859.jpg,0,no_op
0860.jpg,0,no_op
0861.jpg,0,no_op
0862.jpg,0,no_op
0863.jpg,0,no_op
0864.jpg,0,no_op
0865.jpg,0,no_op
0866.jpg,0,no_op
0867.jpg,0,no_op
0868.jpg,0,no_op
0869.jpg,0,no_op
0870.jpg,0,no_op
0871.jpg,0,no_op
0872.jpg,0,no_op
0873.jpg,0,no_op
0874.jpg,0,no_op
0875.jpg,0,no_op
0876.jpg,0,no_op
0877.jpg,0,no_op
0878.jpg,0,no_op
0879.jpg,0,no_op
0880.jpg,0,no_op
0881.jpg,0,no_op
0882.jpg,0,no_op
0883.jpg,0,no_op
0884.jpg,0,no_op
0885.jpg,0,no_op
0886.jpg,0,no_op
0887.jpg,0,no_op
0888.jpg,0,no_op
0889.jpg,0,no_op
0890.jpg,0,no_op
0891.jpg,0,no_op
0892.jpg,0,no_op
0893.jpg,0,no_op
0894.jpg,0,no_op
0895.jpg,0,no_op
0896.jpg,0,no_op
0897.jpg,0,no_op
0898.jpg,0,no_op
0899.jpg,0,no_op
0900.jpg,0,no_op
0901.jpg,0,no_op
0902.jpg,0,no_op
0903.jpg,0,no_op
0904.jpg,0,no_op
0905.jpg,0,no_op
0906.jpg,0,no_op
0907.jpg,0,no_op
0908.jpg,0,no_op
0909.jpg,0,no_op
0910.jpg,0,no_op
0911.jpg,0,no_op
0912.jpg,0,no_op
0913.jpg,0,no_op
0914.jpg,0,no_op
0915.jpg,0,no_op
0916.jpg,0,no_op
0917.jpg,0,no_op
0918.jpg,0,no_op
0919.jpg,0,no_op
0920.jpg,0,no_op
0921.jpg,0,no_op
0922.jpg,0,no_op
0923.jpg,0,no_op
0924.jpg,0,no_op
0925.jpg,0,no_op
0926.jpg,0,no_op
0927.jpg,0,no_op
0928.jpg,0,no_op
0929.jpg,0,no_op
0930.jpg,0,no_op
0931.jpg,0,no_op
0932.jpg,0,no_op
0933.jpg,0,no_op
0934.jpg,0,no_op
0935.jpg,0,no_op
0936.jpg,0,no_op
0937.jpg,0,no_op
0938.jpg,0,no_op
0939.jpg,0,no_op
0940.jpg,0,no_op
0941.jpg,0,no_op
0942.jpg,0,no_op
0943.jpg,0,no_op
0944.jpg,0,no_op
0945.jpg,0,no_op
0946.jpg,0,no_op
0947.jpg,0,no_op
0948.jpg,0,no_op
0949.jpg,0,no_op
0950.jpg,0,no_op
0951.jpg,0,no_op
0952.jpg,0,no_op
0953.jpg,0,no_op
0954.jpg,0,no_op
0955.jpg,0,no_op
0956.jpg,0,no_op
0957.jpg,0,no_op
0958.jpg,0,no_op
0959.jpg,0,no_op
0960.jpg,0,no_op
0961.jpg,0,no_op
0962.jpg,1,op
0963.jpg,1,op
0964.jpg,1,op
0965.jpg,1,op
0966.jpg,1,op
0967.jpg,1,op
0968.jpg,1,op
0969.jpg,1,op
0970.jpg,1,op
0971.jpg,1,op
0972.jpg,1,op
0973.jpg,1,op
0974.jpg,1,op
0975.jpg,1,op
0976.jpg,1,op
0977.jpg,1,op
0978.jpg,1,op
0979.jpg,1,op
0980.jpg,1,op
0981.jpg,1,op
0982.jpg,1,op
0983.jpg,1,op
0984.jpg,1,op
0985.jpg,1,op
0986.jpg,1,op
0987.jpg,1,op
0988.jpg,1,op
0989.jpg,1,op
0990.jpg,1,op
0991.jpg,1,op
0992.jpg,1,op
0993.jpg,1,op
0994.jpg,1,op
0995.jpg,1,op
0996.jpg,1,op
0997.jpg,1,op
0998.jpg,1,op
0999.jpg,1,op
1000.jpg,1,op
1001.jpg,1,op
1002.jpg,1,op
1003.jpg,1,op
1004.jpg,1,op
1005.jpg,1,op
1006.jpg,1,op
1007.jpg,1,op
1008.jpg,1,op
1009.jpg,1,op
1010.jpg,1,op
1011.jpg,1,op
1012.jpg,1,op
1013.jpg,1,op
1014.jpg,1,op
1015.jpg,1,op
1016.jpg,1,op
1017.jpg,1,op
1018.jpg,1,op
1019.jpg,1,op
1020.jpg,1,op
1021.jpg,1,op
1022.jpg,1,op
1023.jpg,1,op
1024.jpg,1,op
1025.jpg,1,op
1026.jpg,1,op
1027.jpg,1,op
1028.jpg,1,op
1029.jpg,1,op
1030.jpg,1,op
1031.jpg,1,op
1032.jpg,1,op
1033.jpg,1,op
1034.jpg,1,op
1035.jpg,1,op
1036.jpg,1,op
1037.jpg,1,op
1038.jpg,1,op
1039.jpg,1,op
1040.jpg,1,op
1041.jpg,1,op
1042.jpg,1,op
1043.jpg,1,op
1044.jpg,1,op
1045.jpg,1,op
1046.jpg,1,op
1047.jpg,1,op
1048.jpg,1,op
1049.jpg,1,op
1050.jpg,1,op
1051.jpg,1,op
1052.jpg,1,op
1053.jpg,1,op
1054.jpg,1,op
1055.jpg,1,op
1056.jpg,1,op
1057.jpg,1,op
1058.jpg,1,op
1059.jpg,1,op
1060.jpg,1,op
1061.jpg,1,op
1062.jpg,1,op
1063.jpg,1,op
1064.jpg,1,op
1065.jpg,1,op
1066.jpg,1,op
1067.jpg,1,op
1068.jpg,1,op
1069.jpg,1,op
1070.jpg,1,op
1071.jpg,1,op
1072.jpg,1,op
1073.jpg,1,op
1074.jpg,1,op
1075.jpg,1,op
1076.jpg,1,op
1077.jpg,1,op
1078.jpg,1,op
1079.jpg,1,op
1080.jpg,1,op
1081.jpg,1,op
1082.jpg,1,op
1083.jpg,1,op
1084.jpg,1,op
1085.jpg,1,op
1086.jpg,1,op
1087.jpg,1,op
1088.jpg,1,op
1089.jpg,1,op
1090.jpg,1,op
1091.jpg,1,op
1092.jpg,1,op
1093.jpg,1,op
1094.jpg,1,op
1095.jpg,1,op
1096.jpg,1,op
1097.jpg,1,op
1098.jpg,1,op
1099.jpg,1,op
1100.jpg,1,op
1101.jpg,1,op
1102.jpg,1,op
1103.jpg,1,op
1104.jpg,1,op
1105.jpg,1,op
1106.jpg,1,op
1107.jpg,1,op
1108.jpg,1,op
1109.jpg,1,op
1110.jpg,1,op
1111.jpg,1,op
1112.jpg,1,op
1113.jpg,1,op
1114.jpg,1,op
1115.jpg,1,op
1116.jpg,1,op
1117.jpg,1,op
1118.jpg,1,op
1119.jpg,1,op
1120.jpg,1,op
1121.jpg,1,op
1122.jpg,1,op
1123.jpg,1,op
1124.jpg,1,op
1125.jpg,1,op
1126.jpg,1,op
1127.jpg,1,op
1128.jpg,1,op
1129.jpg,1,op
1130.jpg,1,op
1131.jpg,1,op
1132.jpg,1,op
1133.jpg,1,op
1134.jpg,1,op
1135.jpg,1,op
1136.jpg,1,op
1137.jpg,1,op
1138.jpg,1,op
1139.jpg,1,op
1140.jpg,1,op
1141.jpg,1,op
1142.jpg,1,op
1143.jpg,1,op
1144.jpg,1,op
1145.jpg,1,op
1146.jpg,1,op
1147.jpg,1,op
1148.jpg,1,op
1149.jpg,1,op
1150.jpg,1,op
1151.jpg,1,op
1152.jpg,1,op
1153.jpg,1,op
1154.jpg,1,op
1155.jpg,1,op
1156.jpg,1,op
1157.jpg,1,op
1158.jpg,1,op
1159.jpg,1,op
1160.jpg,1,op
1161.jpg,1,op
1162.jpg,1,op
1163.jpg,1,op
1164.jpg,1,op
1165.jpg,1,op
1166.jpg,1,op
1167.jpg,1,op
1168.jpg,1,op
1169.jpg,1,op
1170.jpg,1,op
1171.jpg,1,op
1172.jpg,1,op
1173.jpg,1,op
1174.jpg,1,op
1175.jpg,1,op
1176.jpg,1,op
1177.jpg,1,op
1178.jpg,1,op
1179.jpg,1,op
1180.jpg,1,op
1181.jpg,1,op
1182.jpg,1,op
1183.jpg,1,op
1184.jpg,1,op
1185.jpg,1,op
1186.jpg,1,op
1187.jpg,1,op
1188.jpg,1,op
1189.jpg,1,op
1190.jpg,1,op
1191.jpg,1,op
1192.jpg,1,op
1193.jpg,1,op
1194.jpg,1,op
1195.jpg,1,op
1196.jpg,1,op
1197.jpg,1,op
1198.jpg,1,op
1199.jpg,1,op
1200.jpg,1,op
1201.jpg,1,op
1202.jpg,1,op
1203.jpg,1,op
1204.jpg,1,op
1205.jpg,1,op
1206.jpg,1,op
1207.jpg,1,op
1208.jpg,1,op
1209.jpg,1,op
1210.jpg,1,op
1211.jpg,1,op
1212.jpg,1,op
1213.jpg,1,op
1214.jpg,1,op
1215.jpg,1,op
1216.jpg,1,op
1217.jpg,1,op
1218.jpg,1,op
1219.jpg,1,op
1220.jpg,1,op
1221.jpg,1,op
1222.jpg,1,op
1223.jpg,1,op
1224.jpg,1,op
1225.jpg,1,op
1226.jpg,1,op
1227.jpg,1,op
1228.jpg,1,op
1229.jpg,1,op
1230.jpg,1,op
1231.jpg,1,op
1232.jpg,1,op
1233.jpg,1,op
1234.jpg,1,op
1235.jpg,1,op
1236.jpg,1,op
1237.jpg,1,op
1238.jpg,1,op
1239.jpg,1,op
1240.jpg,1,op
1241.jpg,1,op
1242.jpg,1,op
1243.jpg,1,op
1244.jpg,1,op
1245.jpg,1,op
1246.jpg,1,op
1247.jpg,1,op
1248.jpg,1,op
1249.jpg,1,op
1250.jpg,1,op
1251.jpg,1,op
1252.jpg,1,op
1253.jpg,1,op
1254.jpg,1,op
1255.jpg,1,op
1256.jpg,1,op
1257.jpg,1,op
1258.jpg,1,op
1259.jpg,1,op
1260.jpg,1,op
1261.jpg,1,op
1262.jpg,1,op
1263.jpg,1,op
1264.jpg,1,op
1265.jpg,1,op
1266.jpg,1,op
1267.jpg,1,op
1268.jpg,1,op
1269.jpg,1,op
1270.jpg,1,op
1271.jpg,1,op
1272.jpg,1,op
1273.jpg,1,op
1274.jpg,1,op
1275.jpg,1,op
1276.jpg,1,op
1277.jpg,1,op
1278.jpg,1,op
1279.jpg,1,op
1280.jpg,1,op
1281.jpg,1,op
1282.jpg,1,op
1283.jpg,1,op
1284.jpg,1,op
1285.jpg,1,op
1286.jpg,1,op
1287.jpg,1,op
1288.jpg,1,op
1289.jpg,1,op
1290.jpg,1,op
1291.jpg,1,op
1292.jpg,1,op
1293.jpg,1,op
1294.jpg,1,op
1295.jpg,1,op
1296.jpg,1,op
1297.jpg,1,op
1298.jpg,1,op
1299.jpg,1,op
1300.jpg,1,op
1301.jpg,1,op
1302.jpg,1,op
1303.jpg,1,op
1304.jpg,1,op
1305.jpg,1,op
1306.jpg,1,op
1307.jpg,1,op
1308.jpg,1,op
1309.jpg,1,op
1310.jpg,1,op
1311.jpg,1,op
1312.jpg,1,op
1313.jpg,1,op
1314.jpg,1,op
1315.jpg,1,op
1316.jpg,1,op
1317.jpg,1,op
1318.jpg,1,op
1319.jpg,1,op
1320.jpg,1,op
1321.jpg,1,op
1322.jpg,1,op
1323.jpg,1,op
1324.jpg,1,op
1325.jpg,1,op
1326.jpg,1,op
1327.jpg,1,op
1328.jpg,1,op
1329.jpg,1,op
1330.jpg,1,op
1331.jpg,1,op
1332.jpg,1,op
1333.jpg,1,op
1334.jpg,1,op
1335.jpg,1,op
1336.jpg,1,op
1337.jpg,1,op
1338.jpg,1,op
1339.jpg,1,op
1340.jpg,1,op
1341.jpg,1,op
1342.jpg,1,op
1343.jpg,1,op
1344.jpg,1,op
1345.jpg,1,op
1346.jpg,1,op
1347.jpg,1,op
1348.jpg,1,op
1349.jpg,1,op
1350.jpg,1,op
1351.jpg,1,op
1352.jpg,1,op
1353.jpg,1,op
1354.jpg,1,op
1355.jpg,1,op
1356.jpg,1,op
1357.jpg,1,op
1358.jpg,1,op
1359.jpg,1,op
1360.jpg,1,op
1361.jpg,1,op
1362.jpg,1,op
1363.jpg,1,op
1364.jpg,1,op
1365.jpg,1,op
1366.jpg,1,op
1367.jpg,1,op
1368.jpg,1,op
1369.jpg,1,op
1370.jpg,1,op
1371.jpg,1,op
1372.jpg,1,op
1373.jpg,1,op
1374.jpg,1,op
1375.jpg,1,op
1376.jpg,1,op
1377.jpg,1,op
1378.jpg,1,op
1379.jpg,1,op
1380.jpg,1,op
1381.jpg,1,op
1382.jpg,1,op
1383.jpg,1,op
1384.jpg,1,op
1385.jpg,1,op
1386.jpg,1,op
1387.jpg,1,op
1388.jpg,1,op
1389.jpg,1,op
1390.jpg,1,op
1391.jpg,1,op
1392.jpg,1,op
1393.jpg,1,op
1394.jpg,1,op
1395.jpg,1,op
1396.jpg,1,op
1397.jpg,1,op
1398.jpg,1,op
1399.jpg,1,op
1400.jpg,1,op
1401.jpg,1,op
1402.jpg,1,op
1403.jpg,1,op
1404.jpg,1,op
1405.jpg,1,op
1406.jpg,1,op
1407.jpg,1,op
1408.jpg,1,op
1409.jpg,1,op
1410.jpg,1,op
1411.jpg,1,op
1412.jpg,1,op
1413.jpg,1,op
1414.jpg,1,op
1415.jpg,1,op
1416.jpg,1,op
1417.jpg,1,op
1418.jpg,1,op
1419.jpg,1,op
1420.jpg,1,op
1421.jpg,1,op
1422.jpg,1,op
1423.jpg,1,op
1424.jpg,1,op
1425.jpg,1,op
1426.jpg,1,op
1427.jpg,1,op
1428.jpg,1,op
1429.jpg,1,op
1430.jpg,1,op
1431.jpg,1,op
1432.jpg,1,op
1433.jpg,1,op
1434.jpg,1,op
1435.jpg,1,op
1436.jpg,1,op
1437.jpg,1,op
1438.jpg,1,op
1439.jpg,1,op
1440.jpg,1,op
1441.jpg,1,op
1442.jpg,1,op
1443.jpg,1,op
1444.jpg,1,op
1445.jpg,1,op
1446.jpg,1,op
1447.jpg,1,op
1448.jpg,1,op
1449.jpg,1,op
1450.jpg,1,op
1451.jpg,1,op
1452.jpg,1,op
1453.jpg,1,op
1454.jpg,1,op
1455.jpg,1,op
1456.jpg,1,op
1457.jpg,1,op
1458.jpg,1,op
1459.jpg,1,op
1460.jpg,1,op
1461.jpg,1,op
1462.jpg,1,op
1463.jpg,1,op
1464.jpg,1,op
1465.jpg,1,op
1466.jpg,1,op
1467.jpg,1,op
1468.jpg,1,op
1469.jpg,1,op
1470.jpg,1,op
1471.jpg,1,op
1472.jpg,1,op
1473.jpg,1,op
1474.jpg,1,op
1475.jpg,1,op
1476.jpg,1,op
1477.jpg,1,op
1478.jpg,1,op
1479.jpg,1,op
1480.jpg,1,op
1481.jpg,1,op
1482.jpg,1,op
1483.jpg,1,op
1484.jpg,1,op
1485.jpg,1,op
1486.jpg,1,op
1487.jpg,1,op
1488.jpg,1,op
1489.jpg,1,op
1490.jpg,1,op
1491.jpg,1,op
1492.jpg,1,op
1493.jpg,1,op
1494.jpg,1,op
1495.jpg,1,op
1496.jpg,1,op
1497.jpg,1,op
1498.jpg,1,op
1499.jpg,1,op
1500.jpg,1,op
1501.jpg,1,op
1502.jpg,1,op
1503.jpg,1,op
1504.jpg,1,op
1505.jpg,1,op
1506.jpg,1,op
1507.jpg,1,op
1508.jpg,1,op
1509.jpg,1,op
1510.jpg,1,op
1511.jpg,1,op
1512.jpg,1,op
1513.jpg,1,op
1514.jpg,1,op
1515.jpg,1,op
1516.jpg,1,op
1517.jpg,1,op
1518.jpg,1,op
1519.jpg,1,op
1520.jpg,1,op
1521.jpg,1,op
1522.jpg,1,op
1523.jpg,1,op
1524.jpg,1,op
1525.jpg,1,op
1526.jpg,1,op
1527.jpg,1,op
1528.jpg,1,op
1529.jpg,1,op
1530.jpg,1,op
1531.jpg,1,op
1532.jpg,1,op
1533.jpg,1,op
1534.jpg,1,op
1535.jpg,1,op
1536.jpg,1,op
1537.jpg,1,op
1538.jpg,1,op
1539.jpg,1,op
1540.jpg,1,op
1541.jpg,1,op
1542.jpg,1,op
1543.jpg,1,op
1544.jpg,1,op
1545.jpg,1,op
1546.jpg,1,op
1547.jpg,1,op
1548.jpg,1,op
1549.jpg,1,op
1550.jpg,1,op
1551.jpg,1,op
1552.jpg,1,op
1553.jpg,1,op
1554.jpg,1,op
1555.jpg,1,op
1556.jpg,1,op
1557.jpg,1,op
1558.jpg,1,op
1559.jpg,1,op
1560.jpg,1,op
1561.jpg,1,op
1562.jpg,1,op
1563.jpg,1,op
1564.jpg,1,op
1565.jpg,1,op
1566.jpg,1,op
1567.jpg,1,op
1568.jpg,1,op
1569.jpg,1,op
1570.jpg,1,op
1571.jpg,1,op
1572.jpg,1,op
1573.jpg,1,op
1574.jpg,1,op
1575.jpg,1,op
1576.jpg,1,op
1577.jpg,1,op
1578.jpg,1,op
1579.jpg,1,op
1580.jpg,1,op
1581.jpg,1,op
1582.jpg,1,op
1583.jpg,1,op
1584.jpg,1,op
1585.jpg,1,op
1586.jpg,1,op
1587.jpg,1,op
1588.jpg,1,op
1589.jpg,1,op
1590.jpg,1,op
1591.jpg,1,op
1592.jpg,1,op
1593.jpg,1,op
1594.jpg,1,op
1595.jpg,1,op
1596.jpg,1,op
1597.jpg,1,op
1598.jpg,1,op
1599.jpg,1,op
1600.jpg,1,op
1601.jpg,1,op
1602.jpg,1,op
1603.jpg,1,op
1604.jpg,1,op
1605.jpg,1,op
1606.jpg,1,op
1607.jpg,1,op
1608.jpg,1,op
1609.jpg,1,op
1610.jpg,1,op
1611.jpg,1,op
1612.jpg,1,op
1613.jpg,1,op
1614.jpg,1,op
1615.jpg,1,op
1616.jpg,1,op
1617.jpg,1,op
1618.jpg,1,op
1619.jpg,1,op
1620.jpg,1,op
1621.jpg,1,op
1622.jpg,1,op
1623.jpg,1,op
1624.jpg,1,op
1625.jpg,1,op
1626.jpg,1,op
1627.jpg,1,op
1628.jpg,1,op
1629.jpg,1,op
1630.jpg,1,op
1631.jpg,1,op
1632.jpg,1,op
1633.jpg,1,op
1634.jpg,1,op
1635.jpg,1,op
1636.jpg,1,op
1637.jpg,1,op
1638.jpg,1,op
1639.jpg,1,op
1640.jpg,1,op
1641.jpg,1,op
1642.jpg,1,op
1643.jpg,1,op
1644.jpg,1,op
1645.jpg,1,op
1646.jpg,1,op
1647.jpg,1,op
1648.jpg,1,op
1649.jpg,1,op
1650.jpg,1,op
1651.jpg,1,op
1652.jpg,1,op
1653.jpg,1,op
1654.jpg,1,op
1655.jpg,1,op
1656.jpg,1,op
1657.jpg,1,op
1658.jpg,1,op
1659.jpg,1,op
1660.jpg,1,op
1661.jpg,1,op
1662.jpg,1,op
1663.jpg,1,op
1664.jpg,1,op
1665.jpg,1,op
1666.jpg,1,op
1667.jpg,1,op
1668.jpg,1,op
1669.jpg,1,op
1670.jpg,1,op
1671.jpg,1,op
1672.jpg,1,op
1673.jpg,1,op
1674.jpg,1,op
1675.jpg,1,op
1676.jpg,1,op
1677.jpg,1,op
1678.jpg,1,op
1679.jpg,1,op
1680.jpg,1,op
1681.jpg,1,op
1682.jpg,1,op
1683.jpg,1,op
1684.jpg,1,op
1685.jpg,1,op
1686.jpg,1,op
1687.jpg,1,op
1688.jpg,1,op
1689.jpg,1,op
1690.jpg,1,op
1691.jpg,1,op
1692.jpg,1,op
1693.jpg,1,op
1694.jpg,1,op
1695.jpg,1,op
1696.jpg,1,op
1697.jpg,1,op
1698.jpg,1,op
1699.jpg,1,op
1700.jpg,1,op
1701.jpg,1,op
1702.jpg,1,op
1703.jpg,1,op
1704.jpg,1,op
1705.jpg,1,op
1706.jpg,1,op
1707.jpg,1,op
1708.jpg,1,op
1709.jpg,1,op
1710.jpg,1,op
1711.jpg,1,op
1712.jpg,1,op
1713.jpg,1,op
1714.jpg,1,op
1715.jpg,1,op
1716.jpg,1,op
1717.jpg,1,op
1718.jpg,1,op
1719.jpg,1,op
1720.jpg,1,op
1721.jpg,1,op
1722.jpg,1,op
1723.jpg,1,op
1724.jpg,1,op
1725.jpg,1,op
1726.jpg,1,op
1727.jpg,1,op
1728.jpg,1,op
1729.jpg,1,op
1730.jpg,1,op
1731.jpg,1,op
1732.jpg,1,op
1733.jpg,1,op
1734.jpg,1,op
1735.jpg,1,op
1736.jpg,1,op
1737.jpg,1,op
1738.jpg,1,op
1739.jpg,1,op
1740.jpg,1,op
1741.jpg,1,op
1742.jpg,1,op
1743.jpg,1,op
1744.jpg,1,op
1745.jpg,1,op
1746.jpg,1,op
1747.jpg,1,op
1748.jpg,1,op
1749.jpg,1,op
1750.jpg,1,op
1751.jpg,1,op
1752.jpg,1,op
1753.jpg,1,op
1754.jpg,1,op
1755.jpg,1,op
1756.jpg,1,op
1757.jpg,1,op
1758.jpg,1,op
1759.jpg,1,op
1760.jpg,1,op
1761.jpg,1,op
1762.jpg,1,op
1763.jpg,1,op
1764.jpg,1,op
1765.jpg,1,op
1766.jpg,1,op
1767.jpg,1,op
1768.jpg,1,op
1769.jpg,1,op
1770.jpg,1,op
1771.jpg,1,op
1772.jpg,1,op
1773.jpg,1,op
1774.jpg,1,op
1775.jpg,1,op
1776.jpg,1,op
1777.jpg,1,op
1778.jpg,1,op
1779.jpg,1,op
1780.jpg,1,op
1781.jpg,1,op
1782.jpg,1,op
1783.jpg,1,op
1784.jpg,1,op
1785.jpg,1,op
1786.jpg,1,op
1787.jpg,1,op
1788.jpg,1,op
1789.jpg,1,op
1790.jpg,1,op
1791.jpg,1,op
1792.jpg,1,op
1793.jpg,1,op
1794.jpg,1,op
1795.jpg,1,op
1796.jpg,1,op
1797.jpg,1,op
1798.jpg,1,op
1799.jpg,1,op
1800.jpg,1,op
1801.jpg,1,op
1802.jpg,1,op
1803.jpg,1,op
1804.jpg,1,op
1805.jpg,1,op
1806.jpg,1,op
1807.jpg,1,op
1808.jpg,1,op
1809.jpg,1,op
1810.jpg,1,op
1811.jpg,1,op
1812.jpg,1,op
1813.jpg,1,op
1814.jpg,1,op
1815.jpg,1,op
1816.jpg,1,op
1817.jpg,1,op
1818.jpg,1,op
1819.jpg,1,op
1820.jpg,1,op
1821.jpg,1,op
1822.jpg,1,op
1823.jpg,1,op
1824.jpg,1,op
1825.jpg,1,op
1826.jpg,1,op
1827.jpg,1,op
1828.jpg,1,op
1829.jpg,1,op
1830.jpg,1,op
1831.jpg,1,op
1832.jpg,1,op
1833.jpg,1,op
1834.jpg,1,op
1835.jpg,1,op
1836.jpg,1,op
1837.jpg,1,op
1838.jpg,1,op
1839.jpg,1,op
1840.jpg,1,op
1841.jpg,1,op
1842.jpg,1,op
1843.jpg,1,op
1844.jpg,1,op
1845.jpg,1,op
1846.jpg,1,op
1847.jpg,1,op
1848.jpg,1,op
1849.jpg,1,op
1850.jpg,1,op
1851.jpg,1,op
1852.jpg,1,op
1853.jpg,1,op
1854.jpg,1,op
1855.jpg,1,op
1856.jpg,1,op
1857.jpg,1,op
1858.jpg,1,op
1859.jpg,1,op
1860.jpg,1,op
1861.jpg,1,op
1862.jpg,1,op
1863.jpg,1,op
1864.jpg,1,op
1865.jpg,1,op
1866.jpg,1,op
1867.jpg,1,op
1868.jpg,1,op
1869.jpg,1,op
1870.jpg,1,op
1871.jpg,1,op
1872.jpg,1,op
1873.jpg,1,op
1874.jpg,1,op
1875.jpg,1,op
1876.jpg,1,op
1877.jpg,1,op
1878.jpg,1,op
1879.jpg,1,op
1880.jpg,1,op
1881.jpg,1,op
1882.jpg,1,op
1883.jpg,1,op
1884.jpg,1,op
1885.jpg,1,op
1886.jpg,1,op
1887.jpg,1,op
1888.jpg,1,op
1889.jpg,1,op
1890.jpg,1,op
1891.jpg,1,op
1892.jpg,1,op
1893.jpg,1,op
1894.jpg,1,op
1895.jpg,1,op
1896.jpg,1,op
1897.jpg,1,op
1898.jpg,1,op
1899.jpg,1,op
1900.jpg,1,op
1901.jpg,1,op
1902.jpg,1,op
1903.jpg,1,op
1904.jpg,1,op
1905.jpg,1,op
1906.jpg,1,op
1907.jpg,1,op
1908.jpg,1,op
1909.jpg,1,op
1910.jpg,1,op
1911.jpg,1,op
1912.jpg,1,op
1913.jpg,1,op
1914.jpg,1,op
1915.jpg,1,op
1916.jpg,1,op
1917.jpg,1,op
1918.jpg,1,op
1919.jpg,1,op
1920.jpg,1,op
1921.jpg,1,op
1922.jpg,1,op
1923.jpg,1,op
1924.jpg,1,op
1925.jpg,1,op
1926.jpg,1,op
1927.jpg,1,op
1928.jpg,1,op
1929.jpg,1,op
1930.jpg,1,op
1931.jpg,1,op
1932.jpg,1,op
1933.jpg,1,op
1934.jpg,1,op
1935.jpg,1,op
1936.jpg,1,op
1937.jpg,1,op
1938.jpg,1,op
1939.jpg,1,op
1940.jpg,1,op
1941.jpg,1,op
1942.jpg,1,op
1943.jpg,1,op
1944.jpg,1,op
1945.jpg,1,op
1946.jpg,1,op
1947.jpg,1,op
1948.jpg,1,op
1949.jpg,1,op
1950.jpg,1,op
1951.jpg,1,op
1952.jpg,1,op
1953.jpg,1,op
1954.jpg,1,op
1955.jpg,1,op
1956.jpg,1,op
1957.jpg,1,op
1958.jpg,1,op
1959.jpg,1,op
1960.jpg,1,op
1961.jpg,1,op
1962.jpg,1,op
1963.jpg,1,op
1964.jpg,1,op
1965.jpg,1,op
1966.jpg,1,op
1967.jpg,1,op
1968.jpg,1,op
1969.jpg,1,op
1970.jpg,1,op
1971.jpg,1,op
1972.jpg,1,op
1973.jpg,1,op
1974.jpg,1,op
1975.jpg,1,op
1976.jpg,1,op
1977.jpg,1,op
1978.jpg,1,op
1979.jpg,1,op
1980.jpg,1,op
1981.jpg,1,op
1982.jpg,1,op
1983.jpg,1,op
1984.jpg,1,op
1985.jpg,1,op
1986.jpg,1,op
1987.jpg,1,op
1988.jpg,1,op
1989.jpg,1,op
1990.jpg,1,op
1991.jpg,1,op
1992.jpg,1,op
1993.jpg,1,op
1994.jpg,1,op
1995.jpg,1,op
1996.jpg,1,op
1997.jpg,1,op
1998.jpg,1,op
1999.jpg,1,op
2000.jpg,1,op
2001.jpg,1,op
2002.jpg,1,op
2003.jpg,1,op
2004.jpg,1,op
2005.jpg,1,op
2006.jpg,1,op
2007.jpg,1,op
2008.jpg,1,op
2009.jpg,1,op
2010.jpg,1,op
2011.jpg,1,op
2012.jpg,1,op
2013.jpg,1,op
2014.jpg,1,op
2015.jpg,1,op
2016.jpg,1,op
2017.jpg,1,op
2018.jpg,1,op
2019.jpg,1,op
2020.jpg,1,op
2021.jpg,1,op
2022.jpg,1,op
2023.jpg,1,op
2024.jpg,1,op
2025.jpg,1,op
2026.jpg,1,op
2027.jpg,1,op
2028.jpg,1,op
2029.jpg,1,op
2030.jpg,1,op
2031.jpg,1,op
2032.jpg,1,op
2033.jpg,1,op
2034.jpg,1,op
2035.jpg,1,op
2036.jpg,1,op
2037.jpg,1,op
2038.jpg,1,op
2039.jpg,1,op
2040.jpg,1,op
2041.jpg,1,op
2042.jpg,1,op
2043.jpg,1,op
2044.jpg,1,op
2045.jpg,1,op
2046.jpg,1,op
2047.jpg,1,op
2048.jpg,1,op
2049.jpg,1,op
2050.jpg,1,op
2051.jpg,1,op
2052.jpg,1,op
2053.jpg,1,op
2054.jpg,1,op
2055.jpg,1,op
2056.jpg,1,op
2057.jpg,1,op
2058.jpg,1,op
2059.jpg,1,op
2060.jpg,1,op
2061.jpg,1,op
2062.jpg,1,op
2063.jpg,1,op
2064.jpg,1,op
2065.jpg,1,op
2066.jpg,1,op
2067.jpg,1,op
2068.jpg,1,op
2069.jpg,1,op
2070.jpg,1,op
2071.jpg,1,op
2072.jpg,1,op
2073.jpg,1,op
2074.jpg,1,op
2075.jpg,1,op
2076.jpg,1,op
2077.jpg,1,op
2078.jpg,1,op
2079.jpg,1,op
2080.jpg,1,op
2081.jpg,1,op
2082.jpg,1,op
2083.jpg,1,op
2084.jpg,1,op
2085.jpg,1,op
2086.jpg,1,op
2087.jpg,1,op
2088.jpg,1,op
2089.jpg,1,op
2090.jpg,1,op
2091.jpg,1,op
2092.jpg,1,op
2093.jpg,1,op
2094.jpg,1,op
2095.jpg,1,op
2096.jpg,1,op
2097.jpg,1,op
2098.jpg,1,op
2099.jpg,1,op
2100.jpg,1,op
2101.jpg,1,op
2102.jpg,1,op
2103.jpg,1,op
2104.jpg,1,op
2105.jpg,1,op
2106.jpg,1,op
2107.jpg,1,op
2108.jpg,1,op
2109.jpg,1,op
2110.jpg,1,op
2111.jpg,1,op
2112.jpg,1,op
2113.jpg,1,op
2114.jpg,1,op
2115.jpg,1,op
2116.jpg,1,op
2117.jpg,1,op
2118.jpg,1,op
2119.jpg,1,op
2120.jpg,1,op
2121.jpg,1,op
2122.jpg,1,op
2123.jpg,1,op
2124.jpg,1,op
2125.jpg,1,op
2126.jpg,1,op
2127.jpg,1,op
2128.jpg,1,op
2129.jpg,1,op
2130.jpg,1,op
2131.jpg,1,op
2132.jpg,1,op
2133.jpg,1,op
2134.jpg,1,op
2135.jpg,1,op
2136.jpg,1,op
2137.jpg,1,op
2138.jpg,1,op
2139.jpg,1,op
2140.jpg,1,op
2141.jpg,1,op
2142.jpg,1,op
2143.jpg,1,op
2144.jpg,1,op
2145.jpg,1,op
2146.jpg,1,op
2147.jpg,1,op
2148.jpg,1,op
2149.jpg,1,op
2150.jpg,1,op
2151.jpg,1,op
2152.jpg,1,op
2153.jpg,1,op
2154.jpg,1,op
2155.jpg,1,op
2156.jpg,1,op
2157.jpg,1,op
2158.jpg,1,op
2159.jpg,1,op
2160.jpg,1,op
2161.jpg,1,op
2162.jpg,1,op
2163.jpg,1,op
2164.jpg,1,op
2165.jpg,1,op
2166.jpg,1,op
2167.jpg,1,op
2168.jpg,1,op
2169.jpg,1,op
2170.jpg,1,op
2171.jpg,1,op
2172.jpg,1,op
2173.jpg,1,op
2174.jpg,1,op
2175.jpg,1,op
2176.jpg,1,op
2177.jpg,1,op
2178.jpg,1,op
2179.jpg,1,op
2180.jpg,1,op
2181.jpg,1,op
2182.jpg,1,op
2183.jpg,1,op
2184.jpg,1,op
2185.jpg,1,op
2186.jpg,1,op
2187.jpg,1,op
2188.jpg,1,op
2189.jpg,1,op
2190.jpg,1,op
2191.jpg,1,op
2192.jpg,1,op
2193.jpg,1,op
2194.jpg,1,op
2195.jpg,1,op
2196.jpg,1,op
2197.jpg,1,op
2198.jpg,1,op
2199.jpg,1,op
2200.jpg,1,op
2201.jpg,1,op
2202.jpg,1,op
2203.jpg,1,op
2204.jpg,1,op
2205.jpg,1,op
2206.jpg,1,op
2207.jpg,1,op
2208.jpg,1,op
2209.jpg,1,op
2210.jpg,1,op
2211.jpg,1,op
2212.jpg,1,op
2213.jpg,1,op
2214.jpg,1,op
2215.jpg,1,op
2216.jpg,1,op
2217.jpg,1,op
2218.jpg,1,op
2219.jpg,1,op
2220.jpg,1,op
2221.jpg,1,op
2222.jpg,1,op
2223.jpg,1,op
2224.jpg,1,op
2225.jpg,1,op
2226.jpg,1,op
2227.jpg,1,op
2228.jpg,1,op
2229.jpg,1,op
2230.jpg,1,op
2231.jpg,1,op
2232.jpg,1,op
2233.jpg,1,op
2234.jpg,1,op
2235.jpg,1,op
2236.jpg,1,op
2237.jpg,1,op
2238.jpg,1,op
2239.jpg,1,op
2240.jpg,1,op
2241.jpg,1,op
2242.jpg,1,op
2243.jpg,1,op
2244.jpg,1,op
2245.jpg,1,op
2246.jpg,1,op
2247.jpg,1,op
2248.jpg,1,op
2249.jpg,1,op
2250.jpg,1,op
2251.jpg,1,op
2252.jpg,1,op
2253.jpg,1,op
2254.jpg,1,op
2255.jpg,1,op
2256.jpg,1,op
2257.jpg,1,op
2258.jpg,1,op
2259.jpg,1,op
2260.jpg,1,op
2261.jpg,1,op
2262.jpg,1,op
2263.jpg,1,op
2264.jpg,1,op
2265.jpg,1,op
2266.jpg,1,op
2267.jpg,1,op
2268.jpg,1,op
2269.jpg,1,op
2270.jpg,1,op
2271.jpg,1,op
2272.jpg,1,op
2273.jpg,1,op
2274.jpg,1,op
2275.jpg,1,op
2276.jpg,1,op
2277.jpg,1,op
2278.jpg,1,op
2279.jpg,1,op
2280.jpg,1,op
2281.jpg,1,op
2282.jpg,1,op
2283.jpg,1,op
2284.jpg,1,op
2285.jpg,1,op
2286.jpg,1,op
2287.jpg,1,op
2288.jpg,1,op
2289.jpg,1,op
2290.jpg,1,op
2291.jpg,1,op
2292.jpg,1,op
2293.jpg,1,op
2294.jpg,1,op
2295.jpg,1,op
2296.jpg,1,op
2297.jpg,1,op
2298.jpg,1,op
2299.jpg,1,op
2300.jpg,1,op
2301.jpg,1,op
2302.jpg,1,op
2303.jpg,1,op
2304.jpg,1,op
2305.jpg,1,op
2306.jpg,1,op
2307.jpg,1,op
2308.jpg,1,op
2309.jpg,1,op
2310.jpg,1,op
2311.jpg,1,op
2312.jpg,1,op
2313.jpg,1,op
2314.jpg,1,op
2315.jpg,1,op
2316.jpg,1,op
2317.jpg,1,op
2318.jpg,1,op
2319.jpg,1,op
2320.jpg,1,op
2321.jpg,1,op
2322.jpg,1,op
2323.jpg,1,op
2324.jpg,1,op
2325.jpg,1,op
2326.jpg,1,op
2327.jpg,1,op
2328.jpg,1,op
2329.jpg,1,op
2330.jpg,1,op
2331.jpg,1,op
2332.jpg,1,op
2333.jpg,1,op
2334.jpg,1,op
2335.jpg,1,op
2336.jpg,1,op
2337.jpg,1,op
2338.jpg,1,op
2339.jpg,1,op
2340.jpg,1,op
2341.jpg,1,op
2342.jpg,1,op
2343.jpg,1,op
2344.jpg,1,op
2345.jpg,1,op
2346.jpg,1,op
2347.jpg,1,op
2348.jpg,1,op
2349.jpg,1,op
2350.jpg,1,op
2351.jpg,1,op
2352.jpg,1,op
2353.jpg,1,op
2354.jpg,1,op
2355.jpg,1,op
2356.jpg,1,op
2357.jpg,1,op
2358.jpg,1,op
2359.jpg,1,op
2360.jpg,1,op
2361.jpg,1,op
2362.jpg,1,op
2363.jpg,1,op
2364.jpg,1,op
2365.jpg,1,op
2366.jpg,1,op
2367.jpg,1,op
2368.jpg,1,op
2369.jpg,1,op
2370.jpg,1,op
2371.jpg,1,op
2372.jpg,1,op
2373.jpg,1,op
2374.jpg,1,op
2375.jpg,1,op
2376.jpg,1,op
2377.jpg,1,op
2378.jpg,1,op
2379.jpg,1,op
2380.jpg,1,op
2381.jpg,1,op
2382.jpg,1,op
2383.jpg,1,op
2384.jpg,1,op
2385.jpg,1,op
2386.jpg,1,op
2387.jpg,1,op
2388.jpg,1,op
2389.jpg,1,op
2390.jpg,1,op
2391.jpg,1,op
2392.jpg,1,op
2393.jpg,1,op
2394.jpg,1,op
2395.jpg,1,op
2396.jpg,1,op
2397.jpg,1,op
2398.jpg,1,op
2399.jpg,1,op
2400.jpg,1,op
2401.jpg,1,op
2402.jpg,1,op
2403.jpg,1,op
2404.jpg,1,op
2405.jpg,1,op
2406.jpg,1,op
2407.jpg,1,op
2408.jpg,1,op
2409.jpg,1,op
2410.jpg,1,op
2411.jpg,1,op
2412.jpg,1,op
2413.jpg,1,op
2414.jpg,1,op
2415.jpg,1,op
2416.jpg,1,op
2417.jpg,1,op
2418.jpg,1,op
2419.jpg,1,op
2420.jpg,1,op
2421.jpg,1,op
2422.jpg,1,op
2423.jpg,1,op
2424.jpg,1,op
2425.jpg,1,op
2426.jpg,1,op
2427.jpg,1,op
2428.jpg,1,op
2429.jpg,1,op
2430.jpg,1,op
2431.jpg,1,op
2432.jpg,1,op
2433.jpg,1,op
2434.jpg,1,op
2435.jpg,1,op
2436.jpg,1,op
2437.jpg,1,op
2438.jpg,1,op
2439.jpg,1,op
2440.jpg,1,op
2441.jpg,1,op
2442.jpg,1,op
2443.jpg,1,op
2444.jpg,1,op
2445.jpg,1,op
2446.jpg,1,op
2447.jpg,1,op
2448.jpg,1,op
2449.jpg,1,op
2450.jpg,1,op
2451.jpg,1,op
2452.jpg,1,op
2453.jpg,1,op
2454.jpg,1,op
2455.jpg,1,op
2456.jpg,1,op
2457.jpg,1,op
2458.jpg,1,op
2459.jpg,1,op
2460.jpg,1,op
2461.jpg,1,op
2462.jpg,1,op
2463.jpg,1,op
2464.jpg,1,op
2465.jpg,1,op
2466.jpg,1,op
2467.jpg,1,op
2468.jpg,1,op
2469.jpg,1,op
2470.jpg,1,op
2471.jpg,1,op
2472.jpg,1,op
2473.jpg,1,op
2474.jpg,1,op
2475.jpg,1,op
2476.jpg,1,op
2477.jpg,1,op
2478.jpg,1,op
2479.jpg,1,op
2480.jpg,1,op
2481.jpg,1,op
2482.jpg,1,op
2483.jpg,1,op
2484.jpg,1,op
2485.jpg,1,op
2486.jpg,1,op
2487.jpg,1,op
2488.jpg,1,op
2489.jpg,1,op
2490.jpg,1,op
2491.jpg,1,op
2492.jpg,1,op
2493.jpg,1,op
2494.jpg,1,op
2495.jpg,1,op
2496.jpg,1,op
2497.jpg,1,op
2498.jpg,1,op
2499.jpg,1,op
2500.jpg,1,op
2501.jpg,1,op
2502.jpg,1,op
2503.jpg,1,op
2504.jpg,1,op
2505.jpg,1,op
2506.jpg,1,op
2507.jpg,1,op
2508.jpg,1,op
2509.jpg,1,op
2510.jpg,1,op
2511.jpg,1,op
2512.jpg,1,op
2513.jpg,1,op
2514.jpg,1,op
2515.jpg,1,op
2516.jpg,1,op
2517.jpg,1,op
2518.jpg,1,op
2519.jpg,1,op
2520.jpg,1,op
2521.jpg,1,op
2522.jpg,1,op
2523.jpg,1,op
2524.jpg,1,op
2525.jpg,1,op
2526.jpg,1,op
2527.jpg,1,op
2528.jpg,1,op
2529.jpg,1,op
2530.jpg,1,op
2531.jpg,1,op
2532.jpg,1,op
2533.jpg,1,op
2534.jpg,1,op
2535.jpg,1,op
2536.jpg,1,op
2537.jpg,1,op
2538.jpg,1,op
2539.jpg,1,op
2540.jpg,1,op
2541.jpg,1,op
2542.jpg,1,op
2543.jpg,1,op
2544.jpg,1,op
2545.jpg,1,op
2546.jpg,1,op
2547.jpg,1,op
2548.jpg,1,op
2549.jpg,1,op
2550.jpg,1,op
2551.jpg,1,op
2552.jpg,1,op
2553.jpg,1,op
2554.jpg,1,op
2555.jpg,1,op
2556.jpg,1,op
2557.jpg,1,op
2558.jpg,1,op
2559.jpg,1,op
2560.jpg,1,op
2561.jpg,1,op
2562.jpg,1,op
2563.jpg,1,op
2564.jpg,1,op
2565.jpg,1,op
2566.jpg,1,op
2567.jpg,1,op
2568.jpg,1,op
2569.jpg,1,op
2570.jpg,1,op
2571.jpg,1,op
2572.jpg,1,op
2573.jpg,1,op
2574.jpg,1,op
2575.jpg,1,op
2576.jpg,1,op
2577.jpg,1,op
2578.jpg,1,op
2579.jpg,1,op
2580.jpg,1,op
2581.jpg,1,op
2582.jpg,1,op
2583.jpg,1,op
2584.jpg,1,op
2585.jpg,1,op
2586.jpg,1,op
2587.jpg,1,op
2588.jpg,1,op
2589.jpg,1,op
2590.jpg,1,op
2591.jpg,1,op
2592.jpg,1,op
2593.jpg,1,op
2594.jpg,1,op
2595.jpg,1,op
2596.jpg,1,op
2597.jpg,1,op
2598.jpg,1,op
2599.jpg,1,op
2600.jpg,1,op
2601.jpg,1,op
2602.jpg,1,op
2603.jpg,1,op
2604.jpg,1,op
2605.jpg,1,op
2606.jpg,1,op
2607.jpg,1,op
2608.jpg,1,op
2609.jpg,1,op
2610.jpg,1,op
2611.jpg,1,op
2612.jpg,1,op
2613.jpg,1,op
2614.jpg,1,op
2615.jpg,1,op
2616.jpg,1,op
2617.jpg,1,op
2618.jpg,1,op
2619.jpg,1,op
2620.jpg,1,op
2621.jpg,1,op
2622.jpg,1,op
2623.jpg,1,op
2624.jpg,1,op
2625.jpg,1,op
2626.jpg,1,op
2627.jpg,1,op
2628.jpg,1,op
2629.jpg,1,op
2630.jpg,1,op
2631.jpg,1,op
2632.jpg,1,op
2633.jpg,1,op
2634.jpg,1,op
2635.jpg,1,op
2636.jpg,1,op
2637.jpg,1,op
2638.jpg,1,op
2639.jpg,1,op
2640.jpg,1,op
2641.jpg,1,op
2642.jpg,1,op
2643.jpg,1,op
2644.jpg,1,op
2645.jpg,1,op
2646.jpg,1,op
2647.jpg,1,op
2648.jpg,1,op
2649.jpg,1,op
2650.jpg,1,op
2651.jpg,1,op
2652.jpg,1,op
2653.jpg,1,op
2654.jpg,1,op
2655.jpg,1,op
2656.jpg,1,op
2657.jpg,1,op
2658.jpg,1,op
2659.jpg,1,op
2660.jpg,1,op
